zip_code,latitude,longitude,total_crimes,substance_crimes,violent_crimes,total_health_centers,substance_treatment_centers,mental_health_centers,cluster_profile,persona
80209,39.7074,-104.9686,4299,107,229,1,1,0,2,Baseline
80236,39.6535,-105.0376,8072,65,587,8,7,1,1,Intervention Priority
80223,39.7002,-105.0028,7004,479,423,2,2,0,1,Intervention Priority
80249,39.7783,-104.7557,8076,643,717,0,0,0,1,Intervention Priority
80235,39.6472,-105.0795,0,0,0,1,1,0,2,Baseline
80211,39.7665,-105.0204,8242,316,463,2,1,1,1,Intervention Priority
80232,39.6895,-105.0908,0,0,0,1,1,0,2,Baseline
80237,39.6431,-104.8987,9539,220,410,1,1,0,1,Intervention Priority
80214,39.7436,-105.0643,0,0,0,3,3,0,2,Baseline
80230,39.7218,-104.8951,1412,6,59,0,0,0,2,Baseline
80220,39.7312,-104.9129,12027,349,808,4,2,2,1,Intervention Priority
80224,39.688,-104.9108,5053,365,331,1,1,0,2,Baseline
80207,39.7584,-104.9177,6872,197,231,0,0,0,2,Baseline
80208,39.7392,-104.9847,0,0,0,1,0,1,2,Baseline
80228,39.6888,-105.156,0,0,0,1,1,0,2,Baseline
80229,39.8671,-104.9227,0,0,0,1,1,0,2,Baseline
80205,39.759,-104.9661,9245,432,641,7,7,0,1,Intervention Priority
80221,39.838,-104.9988,2115,94,198,1,1,0,2,Baseline
80260,39.8672,-105.0041,0,0,0,5,2,3,3,Resource Hubs
80202,39.7491,-104.9946,11344,1063,600,0,0,0,1,Intervention Priority
80233,39.9015,-104.9407,0,0,0,4,2,2,3,Resource Hubs
80204,39.734,-105.0259,15802,1092,1128,7,4,3,1,Intervention Priority
80215,39.7435,-105.1009,0,0,0,3,3,0,2,Baseline
80210,39.679,-104.9631,7811,380,461,3,2,1,1,Intervention Priority
80216,39.7835,-104.9669,16886,1145,1255,1,1,0,1,Intervention Priority
80222,39.671,-104.9279,4002,89,139,6,5,1,2,Baseline
80231,39.6793,-104.8843,0,0,0,5,5,0,2,Baseline
80247,39.6971,-104.8819,3591,70,199,0,0,0,2,Baseline
80239,39.7878,-104.8288,5024,627,358,2,2,0,2,Baseline
80234,39.9108,-105.0109,0,0,0,3,3,0,2,Baseline
80238,39.7392,-104.9847,12081,365,526,0,0,0,1,Intervention Priority
80203,39.7313,-104.9811,11117,1416,673,2,1,1,1,Intervention Priority
80227,39.6667,-105.0854,1417,22,77,2,2,0,2,Baseline
80226,39.7123,-105.0918,0,0,0,5,5,0,2,Baseline
80218,39.7327,-104.9717,8019,894,429,1,1,0,1,Intervention Priority
80219,39.6956,-105.0341,15032,450,1036,5,5,0,1,Intervention Priority
80206,39.7331,-104.9524,14687,201,300,4,3,1,1,Intervention Priority
80212,39.7683,-105.0493,2874,78,180,2,1,1,2,Baseline
