zip_code,total_crimes,substance_crimes,violent_crimes,total_health_centers,substance_treatment_centers,mental_health_centers
81501.0,0,0,0,14,8,6
80501.0,0,0,0,11,9,2
80631.0,0,0,0,11,5,5
80011.0,0,0,0,10,7,3
80033.0,0,0,0,10,8,1
80112.0,0,0,0,9,6,3
80014.0,0,0,0,8,6,2
80236.0,8072,65,587,8,7,1
80204.0,15802,1092,1128,7,4,3
80205.0,9245,432,641,7,7,0
80918.0,0,0,0,7,7,0
80022.0,0,0,0,6,5,1
80120.0,0,0,0,6,4,2
80134.0,0,0,0,6,5,1
80222.0,4002,89,139,6,5,1
80304.0,0,0,0,6,3,3
80701.0,0,0,0,6,3,3
81001.0,0,0,0,6,4,2
81601.0,0,0,0,6,4,2
80010.0,0,0,0,5,2,3
80219.0,15032,450,1036,5,5,0
80226.0,0,0,0,5,5,0
80231.0,0,0,0,5,5,0
80260.0,0,0,0,5,2,3
80524.0,0,0,0,5,3,2
80525.0,0,0,0,5,4,1
80537.0,0,0,0,5,4,1
80601.0,0,0,0,5,4,1
80906.0,0,0,0,5,4,1
80909.0,0,0,0,5,5,0
81050.0,0,0,0,5,3,2
81101.0,0,0,0,5,4,1
81301.0,0,0,0,5,3,1
81625.0,0,0,0,5,4,1
80030.0,0,0,0,4,3,1
80128.0,0,0,0,4,1,3
80206.0,14687,201,300,4,3,1
80220.0,12027,349,808,4,2,2
80233.0,0,0,0,4,2,2
80526.0,0,0,0,4,2,2
80903.0,0,0,0,4,4,0
81003.0,0,0,0,4,3,1
81008.0,0,0,0,4,3,1
81212.0,0,0,0,4,3,1
81623.0,0,0,0,4,4,0
80003.0,0,0,0,3,3,0
80012.0,0,0,0,3,1,2
80021.0,0,0,0,3,2,1
80026.0,0,0,0,3,3,0
80045.0,0,0,0,3,1,2
80111.0,0,0,0,3,3,0
80210.0,7811,380,461,3,2,1
80214.0,0,0,0,3,3,0
80215.0,0,0,0,3,3,0
80234.0,0,0,0,3,3,0
80302.0,0,0,0,3,3,0
80443.0,0,0,0,3,2,1
80446.0,0,0,0,3,2,1
80477.0,0,0,0,3,2,1
80634.0,0,0,0,3,2,1
80751.0,0,0,0,3,2,1
80904.0,0,0,0,3,2,1
80907.0,0,0,0,3,2,1
81052.0,0,0,0,3,2,1
81054.0,0,0,0,3,1,1
81230.0,0,0,0,3,2,1
81321.0,0,0,0,3,2,1
81416.0,0,0,0,3,2,1
81631.0,0,0,0,3,2,1
80020.0,0,0,0,2,1,1
80027.0,0,0,0,2,2,0
80031.0,0,0,0,2,2,0
80107.0,0,0,0,2,1,1
80110.0,0,0,0,2,1,1
80132.0,0,0,0,2,2,0
80203.0,11117,1416,673,2,1,1
80211.0,8242,316,463,2,1,1
80212.0,2874,78,180,2,1,1
80223.0,7004,479,423,2,2,0
80227.0,1417,22,77,2,2,0
80239.0,5024,627,358,2,2,0
80301.0,0,0,0,2,2,0
80303.0,0,0,0,2,1,1
80401.0,0,0,0,2,2,0
80452.0,0,0,0,2,2,0
80461.0,0,0,0,2,1,1
80480.0,0,0,0,2,1,1
80514.0,0,0,0,2,2,0
80517.0,0,0,0,2,1,1
80530.0,0,0,0,2,1,1
80534.0,0,0,0,2,2,0
80538.0,0,0,0,2,1,1
80621.0,0,0,0,2,1,1
80720.0,0,0,0,2,1,1
80734.0,0,0,0,2,1,1
80737.0,0,0,0,2,1,1
80758.0,0,0,0,2,1,1
80759.0,0,0,0,2,1,1
80807.0,0,0,0,2,1,1
80817.0,0,0,0,2,1,1
80905.0,0,0,0,2,1,1
80910.0,0,0,0,2,0,2
81004.0,0,0,0,2,1,1
81063.0,0,0,0,2,1,1
81073.0,0,0,0,2,1,1
81082.0,0,0,0,2,1,1
81089.0,0,0,0,2,1,1
81120.0,0,0,0,2,1,1
81125.0,0,0,0,2,1,1
81137.0,0,0,0,2,2,0
81140.0,0,0,0,2,1,1
81144.0,0,0,0,2,1,1
81147.0,0,0,0,2,1,1
81152.0,0,0,0,2,1,1
81201.0,0,0,0,2,1,1
81401.0,0,0,0,2,0,2
81423.0,0,0,0,2,1,1
81435.0,0,0,0,2,1,1
81611.0,0,0,0,2,1,1
81648.0,0,0,0,2,1,1
81650.0,0,0,0,2,2,0
81657.0,0,0,0,2,1,1
80002.0,0,0,0,1,1,0
80013.0,0,0,0,1,1,0
80015.0,0,0,0,1,1,0
80104.0,0,0,0,1,0,1
80108.0,0,0,0,1,1,0
80113.0,0,0,0,1,1,0
80121.0,0,0,0,1,1,0
80123.0,1580,31,105,1,1,0
80124.0,0,0,0,1,1,0
80133.0,0,0,0,1,1,0
80138.0,0,0,0,1,1,0
80208.0,0,0,0,1,0,1
80209.0,4299,107,229,1,1,0
80216.0,16886,1145,1255,1,1,0
80218.0,8019,894,429,1,1,0
80221.0,2115,94,198,1,1,0
80224.0,5053,365,331,1,1,0
80228.0,0,0,0,1,1,0
80229.0,0,0,0,1,1,0
80232.0,0,0,0,1,1,0
80235.0,0,0,0,1,1,0
80237.0,9539,220,410,1,1,0
80305.0,0,0,0,1,1,0
80421.0,0,0,0,1,0,1
80422.0,0,0,0,1,1,0
80433.0,0,0,0,1,1,0
80435.0,0,0,0,1,1,0
80439.0,0,0,0,1,0,1
80440.0,0,0,0,1,0,1
80482.0,0,0,0,1,1,0
80487.0,0,0,0,1,1,0
80504.0,0,0,0,1,0,1
80513.0,0,0,0,1,1,0
80521.0,0,0,0,1,0,1
80528.0,0,0,0,1,0,1
80550.0,0,0,0,1,1,0
80810.0,0,0,0,1,0,1
80813.0,0,0,0,1,0,1
80828.0,0,0,0,1,0,1
80840.0,0,0,0,1,1,0
80863.0,0,0,0,1,0,1
80866.0,0,0,0,1,1,0
80915.0,0,0,0,1,1,0
80916.0,0,0,0,1,1,0
80917.0,0,0,0,1,1,0
80920.0,0,0,0,1,1,0
80923.0,0,0,0,1,0,1
81005.0,0,0,0,1,1,0
81067.0,0,0,0,1,0,1
81135.0,0,0,0,1,1,0
81211.0,0,0,0,1,1,0
81224.0,0,0,0,1,1,0
81303.0,0,0,0,1,0,1
81402.0,0,0,0,1,1,0
81428.0,0,0,0,1,1,0
81503.0,0,0,0,1,1,0
81504.0,0,0,0,1,1,0
81632.0,0,0,0,1,1,0
81641.0,0,0,0,1,0,1
80202.0,11344,1063,600,0,0,0
80207.0,6872,197,231,0,0,0
80230.0,1412,6,59,0,0,0
80238.0,12081,365,526,0,0,0
80247.0,3591,70,199,0,0,0
80249.0,8076,643,717,0,0,0
