"zip_code","total_crimes","substance_crimes","violent_crimes","total_health_centers","substance_treatment_centers","mental_health_centers","cluster_profile","persona"
81501,0,0,0,14,8,6,"3","Resource Hubs"
80501,0,0,0,11,9,2,"3","Resource Hubs"
80631,0,0,0,11,5,5,"3","Resource Hubs"
80011,0,0,0,10,7,3,"3","Resource Hubs"
80033,0,0,0,10,8,1,"3","Resource Hubs"
80112,0,0,0,9,6,3,"3","Resource Hubs"
80014,0,0,0,8,6,2,"3","Resource Hubs"
80236,8072,65,587,8,7,1,"1","Intervention Priority"
80204,15802,1092,1128,7,4,3,"1","Intervention Priority"
80205,9245,432,641,7,7,0,"1","Intervention Priority"
80918,0,0,0,7,7,0,"2","Baseline"
80022,0,0,0,6,5,1,"2","Baseline"
80120,0,0,0,6,4,2,"3","Resource Hubs"
80134,0,0,0,6,5,1,"2","Baseline"
80222,4002,89,139,6,5,1,"2","Baseline"
80304,0,0,0,6,3,3,"3","Resource Hubs"
80701,0,0,0,6,3,3,"3","Resource Hubs"
81001,0,0,0,6,4,2,"3","Resource Hubs"
81601,0,0,0,6,4,2,"3","Resource Hubs"
80010,0,0,0,5,2,3,"3","Resource Hubs"
80219,15032,450,1036,5,5,0,"1","Intervention Priority"
80226,0,0,0,5,5,0,"2","Baseline"
80231,0,0,0,5,5,0,"2","Baseline"
80260,0,0,0,5,2,3,"3","Resource Hubs"
80524,0,0,0,5,3,2,"3","Resource Hubs"
80525,0,0,0,5,4,1,"2","Baseline"
80537,0,0,0,5,4,1,"2","Baseline"
80601,0,0,0,5,4,1,"2","Baseline"
80906,0,0,0,5,4,1,"2","Baseline"
80909,0,0,0,5,5,0,"2","Baseline"
81050,0,0,0,5,3,2,"3","Resource Hubs"
81101,0,0,0,5,4,1,"2","Baseline"
81301,0,0,0,5,3,1,"2","Baseline"
81625,0,0,0,5,4,1,"2","Baseline"
80030,0,0,0,4,3,1,"2","Baseline"
80128,0,0,0,4,1,3,"3","Resource Hubs"
80206,14687,201,300,4,3,1,"1","Intervention Priority"
80220,12027,349,808,4,2,2,"1","Intervention Priority"
80233,0,0,0,4,2,2,"3","Resource Hubs"
80526,0,0,0,4,2,2,"3","Resource Hubs"
80903,0,0,0,4,4,0,"2","Baseline"
81003,0,0,0,4,3,1,"2","Baseline"
81008,0,0,0,4,3,1,"2","Baseline"
81212,0,0,0,4,3,1,"2","Baseline"
81623,0,0,0,4,4,0,"2","Baseline"
80003,0,0,0,3,3,0,"2","Baseline"
80012,0,0,0,3,1,2,"2","Baseline"
80021,0,0,0,3,2,1,"2","Baseline"
80026,0,0,0,3,3,0,"2","Baseline"
80045,0,0,0,3,1,2,"2","Baseline"
80111,0,0,0,3,3,0,"2","Baseline"
80210,7811,380,461,3,2,1,"1","Intervention Priority"
80214,0,0,0,3,3,0,"2","Baseline"
80215,0,0,0,3,3,0,"2","Baseline"
80234,0,0,0,3,3,0,"2","Baseline"
80302,0,0,0,3,3,0,"2","Baseline"
80443,0,0,0,3,2,1,"2","Baseline"
80446,0,0,0,3,2,1,"2","Baseline"
80477,0,0,0,3,2,1,"2","Baseline"
80634,0,0,0,3,2,1,"2","Baseline"
80751,0,0,0,3,2,1,"2","Baseline"
80904,0,0,0,3,2,1,"2","Baseline"
80907,0,0,0,3,2,1,"2","Baseline"
81052,0,0,0,3,2,1,"2","Baseline"
81054,0,0,0,3,1,1,"2","Baseline"
81230,0,0,0,3,2,1,"2","Baseline"
81321,0,0,0,3,2,1,"2","Baseline"
81416,0,0,0,3,2,1,"2","Baseline"
81631,0,0,0,3,2,1,"2","Baseline"
80020,0,0,0,2,1,1,"2","Baseline"
80027,0,0,0,2,2,0,"2","Baseline"
80031,0,0,0,2,2,0,"2","Baseline"
80107,0,0,0,2,1,1,"2","Baseline"
80110,0,0,0,2,1,1,"2","Baseline"
80132,0,0,0,2,2,0,"2","Baseline"
80203,11117,1416,673,2,1,1,"1","Intervention Priority"
80211,8242,316,463,2,1,1,"1","Intervention Priority"
80212,2874,78,180,2,1,1,"2","Baseline"
80223,7004,479,423,2,2,0,"1","Intervention Priority"
80227,1417,22,77,2,2,0,"2","Baseline"
80239,5024,627,358,2,2,0,"2","Baseline"
80301,0,0,0,2,2,0,"2","Baseline"
80303,0,0,0,2,1,1,"2","Baseline"
80401,0,0,0,2,2,0,"2","Baseline"
80452,0,0,0,2,2,0,"2","Baseline"
80461,0,0,0,2,1,1,"2","Baseline"
80480,0,0,0,2,1,1,"2","Baseline"
80514,0,0,0,2,2,0,"2","Baseline"
80517,0,0,0,2,1,1,"2","Baseline"
80530,0,0,0,2,1,1,"2","Baseline"
80534,0,0,0,2,2,0,"2","Baseline"
80538,0,0,0,2,1,1,"2","Baseline"
80621,0,0,0,2,1,1,"2","Baseline"
80720,0,0,0,2,1,1,"2","Baseline"
80734,0,0,0,2,1,1,"2","Baseline"
80737,0,0,0,2,1,1,"2","Baseline"
80758,0,0,0,2,1,1,"2","Baseline"
80759,0,0,0,2,1,1,"2","Baseline"
80807,0,0,0,2,1,1,"2","Baseline"
80817,0,0,0,2,1,1,"2","Baseline"
80905,0,0,0,2,1,1,"2","Baseline"
80910,0,0,0,2,0,2,"2","Baseline"
81004,0,0,0,2,1,1,"2","Baseline"
81063,0,0,0,2,1,1,"2","Baseline"
81073,0,0,0,2,1,1,"2","Baseline"
81082,0,0,0,2,1,1,"2","Baseline"
81089,0,0,0,2,1,1,"2","Baseline"
81120,0,0,0,2,1,1,"2","Baseline"
81125,0,0,0,2,1,1,"2","Baseline"
81137,0,0,0,2,2,0,"2","Baseline"
81140,0,0,0,2,1,1,"2","Baseline"
81144,0,0,0,2,1,1,"2","Baseline"
81147,0,0,0,2,1,1,"2","Baseline"
81152,0,0,0,2,1,1,"2","Baseline"
81201,0,0,0,2,1,1,"2","Baseline"
81401,0,0,0,2,0,2,"2","Baseline"
81423,0,0,0,2,1,1,"2","Baseline"
81435,0,0,0,2,1,1,"2","Baseline"
81611,0,0,0,2,1,1,"2","Baseline"
81648,0,0,0,2,1,1,"2","Baseline"
81650,0,0,0,2,2,0,"2","Baseline"
81657,0,0,0,2,1,1,"2","Baseline"
80002,0,0,0,1,1,0,"2","Baseline"
80013,0,0,0,1,1,0,"2","Baseline"
80015,0,0,0,1,1,0,"2","Baseline"
80104,0,0,0,1,0,1,"2","Baseline"
80108,0,0,0,1,1,0,"2","Baseline"
80113,0,0,0,1,1,0,"2","Baseline"
80121,0,0,0,1,1,0,"2","Baseline"
80123,1580,31,105,1,1,0,"2","Baseline"
80124,0,0,0,1,1,0,"2","Baseline"
80133,0,0,0,1,1,0,"2","Baseline"
80138,0,0,0,1,1,0,"2","Baseline"
80208,0,0,0,1,0,1,"2","Baseline"
80209,4299,107,229,1,1,0,"2","Baseline"
80216,16886,1145,1255,1,1,0,"1","Intervention Priority"
80218,8019,894,429,1,1,0,"1","Intervention Priority"
80221,2115,94,198,1,1,0,"2","Baseline"
80224,5053,365,331,1,1,0,"2","Baseline"
80228,0,0,0,1,1,0,"2","Baseline"
80229,0,0,0,1,1,0,"2","Baseline"
80232,0,0,0,1,1,0,"2","Baseline"
80235,0,0,0,1,1,0,"2","Baseline"
80237,9539,220,410,1,1,0,"1","Intervention Priority"
80305,0,0,0,1,1,0,"2","Baseline"
80421,0,0,0,1,0,1,"2","Baseline"
80422,0,0,0,1,1,0,"2","Baseline"
80433,0,0,0,1,1,0,"2","Baseline"
80435,0,0,0,1,1,0,"2","Baseline"
80439,0,0,0,1,0,1,"2","Baseline"
80440,0,0,0,1,0,1,"2","Baseline"
80482,0,0,0,1,1,0,"2","Baseline"
80487,0,0,0,1,1,0,"2","Baseline"
80504,0,0,0,1,0,1,"2","Baseline"
80513,0,0,0,1,1,0,"2","Baseline"
80521,0,0,0,1,0,1,"2","Baseline"
80528,0,0,0,1,0,1,"2","Baseline"
80550,0,0,0,1,1,0,"2","Baseline"
80810,0,0,0,1,0,1,"2","Baseline"
80813,0,0,0,1,0,1,"2","Baseline"
80828,0,0,0,1,0,1,"2","Baseline"
80840,0,0,0,1,1,0,"2","Baseline"
80863,0,0,0,1,0,1,"2","Baseline"
80866,0,0,0,1,1,0,"2","Baseline"
80915,0,0,0,1,1,0,"2","Baseline"
80916,0,0,0,1,1,0,"2","Baseline"
80917,0,0,0,1,1,0,"2","Baseline"
80920,0,0,0,1,1,0,"2","Baseline"
80923,0,0,0,1,0,1,"2","Baseline"
81005,0,0,0,1,1,0,"2","Baseline"
81067,0,0,0,1,0,1,"2","Baseline"
81135,0,0,0,1,1,0,"2","Baseline"
81211,0,0,0,1,1,0,"2","Baseline"
81224,0,0,0,1,1,0,"2","Baseline"
81303,0,0,0,1,0,1,"2","Baseline"
81402,0,0,0,1,1,0,"2","Baseline"
81428,0,0,0,1,1,0,"2","Baseline"
81503,0,0,0,1,1,0,"2","Baseline"
81504,0,0,0,1,1,0,"2","Baseline"
81632,0,0,0,1,1,0,"2","Baseline"
81641,0,0,0,1,0,1,"2","Baseline"
80202,11344,1063,600,0,0,0,"1","Intervention Priority"
80207,6872,197,231,0,0,0,"2","Baseline"
80230,1412,6,59,0,0,0,"2","Baseline"
80238,12081,365,526,0,0,0,"1","Intervention Priority"
80247,3591,70,199,0,0,0,"2","Baseline"
80249,8076,643,717,0,0,0,"1","Intervention Priority"
